Date,KOSPI 200,S&P 500,Nikkei 225,CSI 300
2017-01-02,260.36,,,
2017-01-03,262.97,2257.83,,3342.23
2017-01-04,263.12,2270.75,19594.16,3368.31
2017-01-05,261.98,2269.0,19520.69,3367.79
2017-01-06,263.2,2276.98,19454.33,3347.67
2017-01-09,263.74,2268.9,19454.33,3363.9
2017-01-10,263.73,2268.9,19301.44,3358.27
2017-01-11,268.15,2275.32,19364.67,3334.5
2017-01-12,269.95,2270.44,19134.7,3317.62
2017-01-13,267.91,2274.64,19287.28,3319.91
2017-01-16,266.15,2274.64,19095.24,3319.45
2017-01-17,267.37,2267.89,18813.53,3326.36
2017-01-18,267.08,2271.89,18894.37,3339.37
2017-01-19,267.7,2263.69,19072.25,3329.29
2017-01-20,266.52,2271.31,19137.91,3354.89
2017-01-23,267.12,2265.2,18891.03,3364.08
2017-01-24,267.3,2280.07,18787.99,3364.45
2017-01-25,268.15,2298.37,19057.5,3375.9
2017-01-26,270.48,2296.68,19402.39,3387.96
2017-01-27,270.48,2294.69,19467.4,3387.96
2017-01-30,270.48,2280.9,19368.85,3387.96
2017-01-31,268.09,2278.87,19041.34,3387.96
2017-02-01,269.56,2279.55,19148.08,3387.96
2017-02-02,268.49,2280.85,18914.58,3387.96
2017-02-03,268.85,2297.42,18918.2,3364.49
2017-02-06,269.49,2292.56,18976.71,3373.21
2017-02-07,268.97,2293.08,18910.78,3365.68
2017-02-08,267.72,2294.67,19007.6,3383.29
2017-02-09,267.69,2307.87,18907.67,3396.29
2017-02-10,268.66,2316.1,19378.93,3413.49
2017-02-13,268.81,2328.25,19459.15,3436.28
2017-02-14,267.9,2337.58,19238.98,3435.8
2017-02-15,268.81,2349.25,19437.98,3421.71
2017-02-16,268.93,2347.22,19347.53,3440.93
2017-02-17,268.84,2351.16,19234.62,3421.44
2017-02-20,269.73,2351.16,19251.08,3471.39
2017-02-21,272.11,2365.38,19381.44,3482.82
2017-02-22,272.85,2362.82,19379.87,3489.76
2017-02-23,272.89,2363.81,19371.46,3473.32
2017-02-24,270.38,2367.34,19283.54,3473.85
2017-02-27,268.97,2369.75,19107.47,3446.22
2017-02-28,270.06,2363.64,19118.99,3452.81
2017-03-01,270.06,2395.96,19393.54,3458.44
2017-03-02,272.65,2381.92,19564.8,3435.1
2017-03-03,269.77,2383.12,19469.17,3427.86
2017-03-06,270.41,2375.31,19379.14,3446.48
2017-03-07,271.87,2368.39,19344.15,3453.96
2017-03-08,272.29,2362.98,19254.03,3448.73
2017-03-09,271.62,2364.87,19318.58,3426.94
2017-03-10,272.29,2372.6,19604.61,3427.89
2017-03-13,275.41,2373.47,19633.75,3458.1
2017-03-14,277.89,2365.45,19609.5,3456.69
2017-03-15,277.89,2385.26,19577.38,3463.64
2017-03-16,280.11,2381.38,19590.14,3481.51
2017-03-17,281.86,2378.25,19521.59,3445.81
2017-03-20,280.75,2373.47,19521.59,3449.61
2017-03-21,283.84,2344.02,19455.88,3466.35
2017-03-22,282.63,2348.45,19041.38,3450.05
2017-03-23,282.81,2345.96,19085.31,3461.98
2017-03-24,282.31,2343.98,19262.53,3489.6
2017-03-27,280.36,2341.59,18985.59,3478.04
2017-03-28,281.25,2358.57,19202.87,3469.81
2017-03-29,281.86,2361.13,19217.48,3465.19
2017-03-30,281.66,2368.06,19063.22,3436.76
2017-03-31,280.64,2362.72,18909.26,3456.05
2017-04-03,281.6,2358.84,18983.23,3456.05
2017-04-04,280.92,2360.16,18810.25,3456.05
2017-04-05,280.74,2352.95,18861.27,3503.89
2017-04-06,279.47,2357.49,18597.06,3514.05
2017-04-07,279.01,2355.54,18664.63,3517.46
2017-04-10,277.21,2357.16,18797.88,3505.14
2017-04-11,275.49,2353.78,18747.87,3517.33
2017-04-12,276.21,2344.93,18552.61,3509.44
2017-04-13,279.12,2328.95,18426.84,3514.57
2017-04-14,277.31,2328.95,18335.63,3486.5
2017-04-17,278.1,2349.01,18355.26,3479.94
2017-04-18,278.23,2342.19,18418.59,3462.74
2017-04-19,276.49,2338.17,18432.2,3445.88
2017-04-20,277.76,2355.84,18430.49,3461.55
2017-04-21,280.05,2348.69,18620.75,3466.79
2017-04-24,281.96,2374.15,18875.88,3431.26
2017-04-25,285.41,2388.61,19079.33,3440.97
2017-04-26,286.78,2387.45,19289.43,3445.18
2017-04-27,287.34,2388.77,19251.87,3446.72
2017-04-28,287.21,2384.2,19196.74,3439.75
2017-05-01,287.21,2388.33,19310.52,3439.75
2017-05-02,289.65,2391.17,19445.7,3426.58
2017-05-03,289.65,2388.13,19445.7,3413.13
2017-05-04,292.47,2389.52,19445.7,3404.39
2017-05-05,292.47,2399.29,19445.7,3382.55
2017-05-08,299.86,2399.38,19895.7,3358.81
2017-05-09,299.86,2396.92,19843.0,3352.53
2017-05-10,296.19,2399.63,19900.09,3337.7
2017-05-11,299.75,2394.44,19961.55,3356.65
2017-05-12,298.25,2390.9,19883.9,3385.38
2017-05-15,298.87,2402.32,19869.85,3399.19
2017-05-16,299.67,2400.67,19919.82,3428.65
2017-05-17,299.34,2357.03,19814.88,3409.97
2017-05-18,298.47,2365.72,19553.86,3398.11
2017-05-19,298.08,2381.73,19590.76,3403.85
2017-05-22,300.63,2394.02,19678.28,3411.24
2017-05-23,301.36,2398.42,19613.28,3424.19
2017-05-24,301.71,2404.39,19742.98,3424.17
2017-05-25,305.22,2415.07,19813.13,3485.66
2017-05-26,306.96,2415.82,19686.84,3480.43
2017-05-29,306.52,2415.82,19682.57,3480.43
2017-05-30,304.59,2412.91,19677.85,3480.43
2017-05-31,304.67,2411.8,19650.57,3492.88
2017-06-01,304.03,2430.06,19860.03,3497.74
2017-06-02,307.83,2439.07,20177.28,3486.51
2017-06-05,307.33,2436.1,20170.82,3468.75
2017-06-06,307.33,2429.33,19979.9,3492.88
2017-06-07,305.68,2433.14,19984.62,3533.87
2017-06-08,306.25,2433.79,19909.26,3560.98
2017-06-09,309.38,2431.77,20013.26,3576.17
2017-06-12,306.24,2429.39,19908.58,3574.39
2017-06-13,308.02,2440.35,19898.75,3582.27
2017-06-14,307.95,2437.92,19883.52,3535.3
2017-06-15,306.69,2432.46,19831.82,3528.79
2017-06-16,306.79,2433.15,19943.26,3518.76
2017-06-19,308.61,2453.46,20067.75,3553.67
2017-06-20,309.31,2437.03,20230.41,3546.49
2017-06-21,307.52,2435.61,20138.79,3587.95
2017-06-22,309.47,2434.5,20110.51,3590.34
2017-06-23,310.26,2438.3,20132.67,3622.88
2017-06-26,311.89,2439.07,20153.35,3668.09
2017-06-27,312.12,2419.38,20225.09,3674.72
2017-06-28,310.84,2440.69,20130.41,3646.17
2017-06-29,312.56,2419.7,20220.3,3668.83
2017-06-30,311.76,2423.41,20033.43,3666.8
2017-07-03,312.39,2429.01,20055.8,3650.85
2017-07-04,310.46,2429.01,20032.35,3619.98
2017-07-05,311.77,2432.54,20081.63,3659.68
2017-07-06,311.88,2409.75,19994.06,3660.1
2017-07-07,310.66,2425.18,19929.09,3655.93
2017-07-10,311.46,2427.43,20080.98,3653.69
2017-07-11,313.59,2425.53,20195.48,3670.81
2017-07-12,313.58,2443.25,20098.38,3658.82
2017-07-13,316.35,2447.83,20099.81,3686.92
2017-07-14,317.35,2459.27,20118.86,3703.09
2017-07-17,318.52,2459.14,20118.86,3663.56
2017-07-18,318.65,2460.61,19999.91,3667.18
2017-07-19,318.91,2473.83,20020.86,3729.75
2017-07-20,320.61,2473.45,20144.59,3747.88
2017-07-21,321.79,2472.54,20099.75,3728.6
2017-07-24,322.01,2469.91,19975.67,3743.47
2017-07-25,320.15,2477.13,19955.2,3719.56
2017-07-26,319.46,2477.83,20050.16,3705.39
2017-07-27,320.51,2475.42,20079.64,3712.19
2017-07-28,314.13,2472.1,19959.84,3721.89
2017-07-31,314.6,2470.3,19925.18,3737.87
2017-08-01,317.04,2476.35,19985.79,3770.38
2017-08-02,317.69,2477.57,20080.04,3760.85
2017-08-03,312.29,2472.16,20029.26,3727.83
2017-08-04,313.46,2476.83,19952.33,3707.58
2017-08-07,313.96,2480.91,20055.89,3726.79
2017-08-08,313.4,2474.92,19996.01,3732.21
2017-08-09,309.52,2474.02,19738.71,3731.04
2017-08-10,308.37,2438.21,19729.74,3715.92
2017-08-11,302.72,2441.32,19729.74,3647.35
2017-08-14,304.93,2465.84,19537.1,3694.68
2017-08-15,304.93,2464.61,19753.31,3706.06
2017-08-16,307.16,2468.11,19729.28,3701.42
2017-08-17,309.02,2430.01,19702.63,3721.28
2017-08-18,308.39,2425.55,19470.41,3724.67
2017-08-21,308.14,2428.37,19393.13,3740.99
2017-08-22,309.34,2452.51,19383.84,3752.3
2017-08-23,309.71,2444.04,19434.64,3756.09
2017-08-24,310.73,2438.97,19353.77,3734.65
2017-08-25,311.21,2443.05,19452.61,3795.75
2017-08-28,309.53,2444.24,19449.9,3842.71
2017-08-29,308.64,2446.3,19362.55,3834.54
2017-08-30,309.65,2457.59,19506.54,3834.3
2017-08-31,308.28,2471.65,19646.24,3822.09
2017-09-01,307.78,2476.55,19691.47,3830.54
2017-09-04,304.19,2476.55,19508.25,3845.62
2017-09-05,304.06,2457.85,19385.81,3857.05
2017-09-06,303.18,2465.54,19357.97,3849.45
2017-09-07,306.97,2465.1,19396.52,3829.87
2017-09-08,307.43,2461.43,19274.82,3825.99
2017-09-11,309.83,2488.11,19545.77,3825.65
2017-09-12,310.42,2496.48,19776.62,3837.93
2017-09-13,310.0,2498.37,19865.82,3842.61
2017-09-14,312.52,2495.62,19807.44,3829.96
2017-09-15,313.69,2500.23,19909.5,3831.3
2017-09-18,318.93,2503.87,19909.5,3843.14
2017-09-19,318.51,2506.65,20299.38,3832.12
2017-09-20,318.48,2508.24,20310.46,3842.44
2017-09-21,318.25,2500.6,20347.48,3837.82
2017-09-22,316.71,2502.22,20296.45,3837.73
2017-09-25,316.4,2496.66,20397.58,3817.79
2017-09-26,314.29,2496.84,20330.19,3820.78
2017-09-27,313.82,2507.04,20267.05,3821.2
2017-09-28,313.85,2510.06,20363.11,3822.54
2017-09-29,316.27,2519.36,20356.28,3836.5
2017-10-02,316.27,2529.12,20400.78,3836.5
2017-10-03,316.27,2534.58,20614.07,3836.5
2017-10-04,316.27,2537.74,20626.66,3836.5
2017-10-05,316.27,2552.07,20628.56,3836.5
2017-10-06,316.27,2549.33,20690.71,3836.5
2017-10-09,316.27,2544.73,20690.71,3882.21
2017-10-10,322.49,2550.64,20823.51,3889.86
2017-10-11,326.12,2555.24,20881.27,3902.69
2017-10-12,328.11,2550.93,20954.72,3912.95
2017-10-13,327.35,2553.17,21155.18,3921.0
2017-10-16,327.82,2557.64,21255.56,3913.45
2017-10-17,328.51,2559.36,21336.12,3913.07
2017-10-18,328.4,2561.26,21363.05,3944.16
2017-10-19,326.47,2562.1,21448.52,3931.25
2017-10-20,328.89,2575.21,21457.64,3926.85
2017-10-23,329.45,2564.98,21696.65,3930.8
2017-10-24,328.96,2569.13,21805.17,3959.4
2017-10-25,329.31,2557.15,21707.62,3976.95
2017-10-26,326.99,2560.4,21739.78,3993.58
2017-10-27,329.23,2581.07,22008.45,4021.97
2017-10-30,330.38,2572.83,22011.67,4009.72
2017-10-31,333.57,2575.26,22011.61,4006.72
2017-11-01,338.76,2579.36,22420.08,3996.62
2017-11-02,337.53,2579.85,22539.12,3997.13
2017-11-03,338.83,2587.84,22539.12,3992.7
2017-11-06,337.4,2591.13,22548.35,4020.89
2017-11-07,336.76,2590.64,22937.6,4054.25
2017-11-08,337.8,2594.38,22913.82,4048.01
2017-11-09,337.14,2584.62,22868.71,4075.9
2017-11-10,335.96,2582.3,22681.42,4111.91
2017-11-13,334.33,2584.84,22380.99,4128.07
2017-11-14,333.62,2578.87,22380.01,4099.35
2017-11-15,332.17,2564.62,22028.32,4073.67
2017-11-16,334.36,2585.64,22351.12,4105.01
2017-11-17,334.18,2578.85,22396.8,4120.85
2017-11-20,332.92,2582.14,22261.76,4143.83
2017-11-21,333.51,2599.03,22416.48,4217.7
2017-11-22,335.49,2597.08,22523.15,4227.57
2017-11-23,334.51,2597.08,22523.15,4102.4
2017-11-24,335.44,2602.42,22550.85,4104.2
2017-11-27,329.53,2601.42,22495.99,4049.95
2017-11-28,330.99,2627.04,22486.24,4055.82
2017-11-29,330.68,2626.07,22597.2,4053.75
2017-11-30,325.25,2647.58,22724.96,4006.1
2017-12-01,324.78,2642.22,22819.03,3998.14
2017-12-04,328.77,2639.44,22707.16,4018.86
2017-12-05,329.61,2629.57,22622.38,4040.17
2017-12-06,324.52,2629.27,22177.04,4015.82
2017-12-07,323.59,2636.98,22498.03,3971.06
2017-12-08,324.68,2651.5,22811.08,4003.38
2017-12-11,325.09,2659.99,22938.73,4069.5
2017-12-12,324.07,2664.11,22866.17,4016.02
2017-12-13,326.18,2662.85,22758.07,4050.09
2017-12-14,324.74,2652.01,22694.45,4026.15
2017-12-15,326.23,2675.81,22553.22,3980.86
2017-12-18,326.6,2690.16,22901.77,3985.29
2017-12-19,326.76,2681.47,22868.0,4035.33
2017-12-20,325.79,2679.25,22891.72,4030.49
2017-12-21,319.72,2684.57,22866.1,4067.85
2017-12-22,321.21,2683.34,22902.76,4054.6
2017-12-25,321.21,2683.34,22939.18,4041.54
2017-12-26,318.89,2680.5,22892.69,4053.62
2017-12-27,320.25,2682.62,22911.21,3991.21
2017-12-28,324.74,2687.54,22783.98,4018.9
2017-12-29,324.74,2673.61,22764.94,4030.85
2018-01-02,326.0,2695.81,22764.94,4087.4
2018-01-03,327.13,2713.06,22764.94,4111.39
2018-01-04,324.58,2723.99,23506.33,4128.81
2018-01-05,328.97,2743.15,23714.53,4138.75
2018-01-08,331.28,2747.71,23714.53,4160.16
2018-01-09,330.25,2751.29,23849.99,4189.3
2018-01-10,327.61,2748.23,23788.2,4207.81
2018-01-11,325.67,2767.56,23710.43,4205.59
2018-01-12,326.72,2786.24,23653.82,4225.0
2018-01-15,327.39,2786.24,23714.88,4225.24
2018-01-16,330.02,2776.42,23951.81,4258.47
2018-01-17,329.19,2802.56,23868.34,4248.12
2018-01-18,329.13,2798.03,23763.37,4271.42
2018-01-19,329.52,2810.3,23808.06,4285.4
2018-01-22,326.27,2832.97,23816.33,4336.6
2018-01-23,330.93,2839.13,24124.15,4382.61
2018-01-24,330.91,2837.54,23940.78,4389.89
2018-01-25,334.08,2839.25,23669.49,4365.08
2018-01-26,335.38,2872.87,23631.88,4381.3
2018-01-29,338.05,2853.53,23629.34,4302.02
2018-01-30,333.4,2822.43,23291.97,4256.1
2018-01-31,333.38,2823.81,23098.29,4275.9
2018-02-01,333.36,2821.98,23486.11,4245.9
2018-02-02,327.01,2762.13,23274.53,4271.23
2018-02-05,323.29,2648.94,22682.08,4274.15
2018-02-06,318.01,2695.14,21610.24,4148.89
2018-02-07,310.48,2681.66,21645.37,4050.5
2018-02-08,311.62,2581.0,21890.86,4012.05
2018-02-09,304.83,2619.55,21382.62,3840.65
2018-02-12,308.13,2656.0,21382.62,3890.1
2018-02-13,310.87,2662.94,21244.68,3935.63
2018-02-14,314.4,2698.63,21154.17,3966.96
2018-02-15,314.4,2731.2,21464.98,3966.96
2018-02-16,314.4,2732.22,21720.25,3966.96
2018-02-19,316.61,2732.22,22149.21,3966.96
2018-02-20,312.83,2716.26,21925.1,3966.96
2018-02-21,314.47,2701.33,21970.81,3966.96
2018-02-22,312.17,2703.96,21736.44,4052.73
2018-02-23,316.81,2747.3,21892.78,4071.09
2018-02-26,317.34,2779.6,22153.63,4118.42
2018-02-27,316.83,2744.28,22389.86,4058.98
2018-02-28,312.86,2713.83,22068.24,4023.64
2018-03-01,312.86,2677.67,21724.47,4049.09
2018-03-02,308.35,2691.25,21181.64,4016.46
2018-03-05,304.58,2720.94,21042.09,4018.1
2018-03-06,310.46,2728.12,21417.76,4066.56
2018-03-07,311.14,2726.8,21252.72,4036.65
2018-03-08,314.78,2738.97,21368.07,4077.6
2018-03-09,317.67,2786.57,21469.2,4108.87
2018-03-12,320.7,2783.02,21824.03,4127.67
2018-03-13,322.98,2765.31,21968.1,4091.25
2018-03-14,321.99,2749.48,21777.29,4073.34
2018-03-15,322.74,2747.33,21803.95,4096.16
2018-03-16,322.88,2752.01,21676.51,4056.42
2018-03-19,320.35,2712.92,21480.9,4074.25
2018-03-20,321.79,2716.94,21380.97,4077.7
2018-03-21,321.6,2711.93,21380.97,4061.05
2018-03-22,323.32,2643.69,21591.99,4020.35
2018-03-23,312.42,2588.26,20617.86,3904.94
2018-03-26,314.89,2658.55,20766.1,3879.89
2018-03-27,316.34,2612.62,21317.32,3913.27
2018-03-28,311.81,2605.0,21031.31,3842.72
2018-03-29,313.82,2640.87,21159.08,3894.05
2018-03-30,314.61,2640.87,21454.3,3898.5
2018-04-02,314.0,2581.88,21388.58,3886.92
2018-04-03,313.38,2614.45,21292.29,3862.48
2018-04-04,308.54,2644.69,21319.55,3854.86
2018-04-05,313.04,2662.84,21645.42,3854.86
2018-04-06,311.61,2604.47,21567.52,3854.86
2018-04-09,313.45,2613.16,21678.26,3852.93
2018-04-10,313.94,2656.87,21794.32,3927.17
2018-04-11,312.94,2642.19,21687.1,3938.34
2018-04-12,313.22,2663.99,21660.28,3898.64
2018-04-13,314.86,2656.3,21778.74,3871.14
2018-04-16,315.17,2677.84,21835.53,3808.86
2018-04-17,314.64,2706.39,21847.59,3748.64
2018-04-18,318.64,2708.64,22158.2,3766.28
2018-04-19,320.12,2693.13,22191.18,3811.84
2018-04-20,317.89,2670.14,22162.24,3760.85
2018-04-23,317.89,2670.29,22088.04,3766.33
2018-04-24,315.86,2634.56,22278.12,3843.49
2018-04-25,313.99,2639.4,22215.32,3828.7
2018-04-26,318.08,2666.94,22319.61,3755.49
2018-04-27,320.8,2669.91,22467.87,3756.88
2018-04-30,323.56,2648.05,22467.87,3756.88
2018-05-01,323.56,2654.8,22508.03,3756.88
2018-05-02,322.53,2635.67,22472.78,3763.65
2018-05-03,320.55,2629.73,22472.78,3793.0
2018-05-04,316.75,2663.42,22472.78,3774.6
2018-05-07,316.75,2672.63,22467.16,3834.19
2018-05-08,315.87,2671.92,22508.69,3878.68
2018-05-09,314.42,2697.79,22408.88,3871.62
2018-05-10,317.31,2723.07,22497.18,3893.06
2018-05-11,318.51,2727.72,22758.48,3872.84
2018-05-14,317.72,2730.13,22865.86,3909.29
2018-05-15,314.94,2711.45,22818.02,3924.1
2018-05-16,315.97,2722.46,22717.23,3892.84
2018-05-17,314.29,2720.13,22838.37,3864.05
2018-05-18,315.37,2712.97,22930.36,3903.06
2018-05-21,316.25,2733.01,23002.37,3921.24
2018-05-22,316.25,2724.44,22960.34,3906.21
2018-05-23,318.31,2733.29,22689.74,3854.58
2018-05-24,317.48,2727.76,22437.01,3827.22
2018-05-25,318.05,2721.33,22450.79,3816.5
2018-05-28,318.99,2721.33,22481.09,3833.26
2018-05-29,316.2,2689.86,22358.43,3804.01
2018-05-30,309.26,2724.01,22018.52,3723.37
2018-05-31,310.92,2705.27,22201.82,3802.38
2018-06-01,313.22,2734.62,22171.35,3770.59
2018-06-04,314.84,2746.87,22475.94,3807.58
2018-06-05,315.76,2748.8,22539.54,3845.32
2018-06-06,315.76,2772.35,22625.73,3837.35
2018-06-07,317.67,2770.37,22823.26,3831.01
2018-06-08,314.97,2779.03,22694.5,3779.62
2018-06-11,317.22,2782.0,22804.04,3779.98
2018-06-12,316.84,2786.85,22878.35,3825.95
2018-06-13,316.84,2775.63,22966.38,3788.34
2018-06-14,311.2,2782.49,22738.61,3773.37
2018-06-15,308.73,2779.66,22851.75,3753.43
2018-06-18,305.35,2773.75,22680.33,3753.43
2018-06-19,301.35,2762.59,22278.48,3621.12
2018-06-20,304.02,2767.32,22555.43,3635.44
2018-06-21,301.02,2749.76,22693.04,3592.97
2018-06-22,303.69,2754.88,22516.83,3608.9
2018-06-25,303.37,2717.07,22338.15,3560.48
2018-06-26,302.76,2723.06,22342.0,3531.11
2018-06-27,302.25,2699.63,22271.77,3459.26
2018-06-28,298.26,2716.31,22270.39,3423.53
2018-06-29,299.66,2718.37,22304.51,3510.98
2018-07-02,292.93,2726.71,21811.93,3407.96
2018-07-03,293.35,2713.22,21785.54,3409.28
2018-07-04,292.26,2713.22,21717.04,3363.75
2018-07-05,291.63,2736.61,21546.99,3342.44
2018-07-06,293.11,2759.82,21788.14,3365.12
2018-07-09,295.2,2784.17,22052.18,3459.18
2018-07-10,296.19,2793.84,22196.89,3467.52
2018-07-11,294.43,2774.02,21932.21,3407.53
2018-07-12,294.41,2798.29,22187.96,3481.06
2018-07-13,298.65,2801.31,22597.35,3492.69
2018-07-16,297.37,2798.43,22597.35,3472.09
2018-07-17,296.88,2809.55,22697.36,3449.38
2018-07-18,296.47,2815.62,22794.19,3431.32
2018-07-19,295.9,2804.49,22764.68,3428.34
2018-07-20,296.95,2801.83,22697.88,3492.89
2018-07-23,294.56,2806.98,22396.99,3525.75
2018-07-24,295.49,2820.4,22510.48,3581.71
2018-07-25,294.85,2846.07,22614.25,3577.75
2018-07-26,296.95,2837.44,22586.87,3536.25
2018-07-27,297.78,2818.82,22712.75,3521.23
2018-07-30,297.29,2802.6,22544.84,3515.08
2018-07-31,297.45,2816.29,22553.72,3517.66
2018-08-01,298.69,2813.36,22746.7,3447.39
2018-08-02,293.55,2827.22,22512.53,3370.96
2018-08-03,295.61,2840.35,22525.18,3315.28
2018-08-06,295.24,2850.4,22507.32,3273.27
2018-08-07,297.18,2858.45,22662.74,3368.87
2018-08-08,297.19,2857.7,22644.31,3314.51
2018-08-09,297.41,2853.58,22598.39,3397.53
2018-08-10,293.64,2833.28,22298.08,3405.02
2018-08-13,289.85,2821.93,21857.43,3390.34
2018-08-14,291.08,2839.96,22356.08,3372.91
2018-08-15,291.08,2818.37,22204.22,3291.98
2018-08-16,288.24,2840.69,22192.04,3276.73
2018-08-17,288.57,2850.13,22270.38,3229.62
2018-08-20,288.61,2857.05,22199.0,3267.25
2018-08-21,291.93,2862.96,22219.73,3326.65
2018-08-22,293.0,2861.82,22362.55,3307.95
2018-08-23,294.29,2856.98,22410.82,3320.03
2018-08-24,295.54,2874.69,22601.77,3325.33
2018-08-27,296.83,2896.74,22799.64,3406.57
2018-08-28,297.22,2897.52,22813.47,3400.17
2018-08-29,298.05,2914.04,22848.22,3386.57
2018-08-30,298.05,2901.13,22869.5,3351.09
2018-08-31,300.07,2901.52,22865.15,3334.5
2018-09-03,297.49,2901.52,22707.38,3321.82
2018-09-04,298.8,2896.72,22696.9,3363.9
2018-09-05,294.96,2888.6,22580.83,3298.14
2018-09-06,294.28,2878.05,22487.94,3262.88
2018-09-07,292.86,2871.68,22307.06,3277.64
2018-09-10,293.7,2877.13,22373.09,3230.07
2018-09-11,292.46,2887.89,22664.69,3224.21
2018-09-12,292.35,2888.92,22604.61,3202.02
2018-09-13,292.42,2904.18,22821.32,3236.57
2018-09-14,297.29,2904.98,23094.67,3242.09
2018-09-17,295.23,2888.8,23094.67,3204.92
2018-09-18,296.1,2904.31,23420.54,3269.43
2018-09-19,296.64,2907.95,23672.52,3312.48
2018-09-20,299.04,2930.75,23674.93,3310.13
2018-09-21,300.81,2929.67,23869.93,3410.49
2018-09-24,300.81,2919.37,23869.93,3410.49
2018-09-25,300.81,2915.56,23940.26,3379.8
2018-09-26,300.81,2905.97,24033.79,3417.24
2018-09-27,302.59,2914.0,23796.74,3403.59
2018-09-28,300.51,2913.98,24120.04,3438.86
2018-10-01,300.17,2924.59,24245.76,3438.86
2018-10-02,296.53,2923.43,24270.62,3438.86
2018-10-03,296.53,2925.51,24110.96,3438.86
2018-10-04,291.78,2901.61,23975.62,3438.86
2018-10-05,291.28,2885.57,23783.72,3438.86
2018-10-08,289.91,2884.43,23783.72,3290.9
2018-10-09,289.91,2880.34,23469.39,3288.69
2018-10-10,287.85,2785.68,23506.04,3281.6
2018-10-11,275.15,2728.37,22590.86,3124.11
2018-10-12,279.37,2767.13,22694.66,3170.73
2018-10-15,277.19,2750.79,22271.3,3126.45
2018-10-16,276.9,2809.92,22549.24,3100.97
2018-10-17,280.05,2809.21,22841.12,3118.25
2018-10-18,277.48,2768.78,22658.16,3044.39
2018-10-19,278.63,2767.78,22532.08,3134.95
2018-10-22,279.4,2755.88,22614.82,3270.27
2018-10-23,272.54,2740.69,22010.78,3183.43
2018-10-24,271.36,2656.1,22091.18,3188.2
2018-10-25,266.72,2705.57,21268.73,3194.31
2018-10-26,262.69,2658.69,21184.6,3173.64
2018-10-29,260.19,2641.25,21149.8,3076.89
2018-10-30,262.47,2682.63,21457.29,3110.26
2018-10-31,264.01,2711.74,21920.46,3153.82
2018-11-01,262.95,2740.37,21687.65,3177.03
2018-11-02,272.56,2723.06,22243.66,3290.25
2018-11-05,270.07,2738.31,21898.99,3262.84
2018-11-06,271.57,2755.45,22147.75,3243.15
2018-11-07,270.45,2813.89,22085.8,3221.91
2018-11-08,272.11,2806.83,22486.92,3212.77
2018-11-09,271.33,2781.01,22250.25,3167.44
2018-11-12,271.57,2726.22,22269.88,3205.14
2018-11-13,269.7,2722.18,21810.52,3237.38
2018-11-14,268.88,2701.58,21846.48,3204.94
2018-11-15,271.54,2730.2,21803.62,3242.37
2018-11-16,271.65,2736.27,21680.34,3257.67
2018-11-19,272.31,2690.73,21821.16,3294.6
2018-11-20,269.58,2641.89,21583.12,3218.41
2018-11-21,268.27,2649.93,21507.54,3226.49
2018-11-22,267.76,2649.93,21646.55,3214.43
2018-11-23,266.33,2632.56,21646.55,3143.48
2018-11-26,269.79,2673.45,21812.0,3141.24
2018-11-27,272.08,2682.17,21952.4,3137.24
2018-11-28,273.45,2743.79,22177.02,3178.93
2018-11-29,274.16,2737.76,22262.6,3137.65
2018-11-30,271.35,2760.17,22351.06,3172.69
2018-12-03,276.18,2790.37,22574.76,3260.95
2018-12-04,273.29,2700.06,22036.05,3267.71
2018-12-05,271.49,2700.06,21919.33,3252.0
2018-12-06,267.18,2695.95,21501.62,3181.67
2018-12-07,268.28,2633.08,21678.68,3181.56
2018-12-10,265.35,2637.72,21219.5,3144.76
2018-12-11,264.69,2636.78,21148.02,3159.82
2018-12-12,268.47,2651.07,21602.75,3170.61
2018-12-13,269.41,2650.54,21816.19,3219.69
2018-12-14,265.55,2599.95,21374.83,3165.91
2018-12-17,266.33,2545.94,21506.88,3161.2
2018-12-18,265.18,2546.16,21115.45,3128.43
2018-12-19,267.31,2506.96,20987.92,3091.13
2018-12-20,264.81,2467.42,20392.58,3067.42
2018-12-21,265.06,2416.62,20166.19,3029.4
2018-12-24,264.45,2351.1,20166.19,3038.2
2018-12-25,264.45,2351.1,19155.74,3017.28
2018-12-26,260.98,2467.7,19327.06,3002.03
2018-12-27,260.57,2488.83,20077.62,2990.51
2018-12-28,261.98,2485.74,20014.77,3010.65
2018-12-31,261.98,2506.85,20014.77,3010.65
2019-01-01,261.98,2506.85,20014.77,3010.65
2019-01-02,258.23,2510.03,20014.77,2969.54
2019-01-03,255.77,2447.89,20014.77,2964.84
2019-01-04,257.89,2531.94,19561.96,3035.87
2019-01-07,261.57,2549.69,20038.97,3054.3
2019-01-08,259.65,2574.41,20204.04,3047.7
2019-01-09,265.6,2584.96,20427.06,3078.48
2019-01-10,265.55,2596.64,20163.8,3072.69
2019-01-11,267.13,2596.26,20359.7,3094.78
2019-01-14,264.99,2582.61,20359.7,3067.78
2019-01-15,269.93,2610.3,20555.29,3127.99
2019-01-16,271.23,2616.1,20442.75,3128.65
2019-01-17,271.88,2635.96,20402.27,3111.42
2019-01-18,273.88,2670.71,20666.07,3168.17
2019-01-21,274.0,2670.71,20719.33,3185.64
2019-01-22,272.71,2632.9,20622.91,3143.32
2019-01-23,273.87,2638.7,20593.72,3141.05
2019-01-24,276.61,2642.33,20574.63,3158.78
2019-01-25,281.67,2664.76,20773.56,3184.47
2019-01-28,281.64,2643.85,20649.0,3183.78
2019-01-29,283.0,2640.0,20664.64,3193.97
2019-01-30,286.62,2681.05,20556.54,3168.48
2019-01-31,285.89,2704.1,20773.49,3201.63
2019-02-01,285.79,2706.53,20788.39,3247.4
2019-02-04,285.79,2724.87,20883.77,3247.4
2019-02-05,285.79,2737.7,20844.45,3247.4
2019-02-06,285.79,2731.61,20874.06,3247.4
2019-02-07,285.65,2706.05,20751.28,3247.4
2019-02-08,281.49,2707.88,20333.17,3247.4
2019-02-11,282.1,2709.8,20333.17,3306.47
2019-02-12,283.69,2744.73,20864.21,3330.34
2019-02-13,284.97,2753.03,21144.48,3397.03
2019-02-14,288.68,2745.73,21139.71,3402.14
2019-02-15,283.98,2775.6,20900.63,3338.7
2019-02-18,285.9,2775.6,21281.85,3445.74
2019-02-19,284.91,2779.76,21302.65,3439.61
2019-02-20,288.4,2784.7,21431.49,3451.93
2019-02-21,288.41,2774.88,21464.23,3442.71
2019-02-22,288.74,2792.67,21425.51,3520.12
2019-02-25,289.0,2796.11,21528.23,3729.48
2019-02-26,287.89,2793.9,21449.39,3684.69
2019-02-27,288.76,2792.38,21556.51,3678.39
2019-02-28,283.8,2784.49,21385.16,3669.37
2019-03-01,283.8,2803.69,21602.69,3749.71
2019-03-04,282.51,2792.81,21822.04,3794.1
2019-03-05,280.45,2789.65,21726.28,3816.01
2019-03-06,279.85,2771.45,21596.81,3848.09
2019-03-07,278.87,2748.93,21456.01,3808.85
2019-03-08,274.84,2743.07,21025.56,3657.58
2019-03-11,275.06,2783.3,21125.09,3729.95
2019-03-12,277.73,2791.52,21503.69,3755.35
2019-03-13,276.0,2810.92,21290.24,3724.19
2019-03-14,276.64,2808.48,21287.02,3698.49
2019-03-15,279.87,2822.48,21450.85,3745.01
2019-03-18,279.93,2832.94,21584.5,3851.75
2019-03-19,279.82,2832.57,21566.85,3833.96
2019-03-20,279.92,2824.23,21608.92,3835.44
2019-03-21,282.38,2854.88,21608.92,3836.89
2019-03-22,283.13,2800.71,21627.34,3833.8
2019-03-25,277.45,2798.36,20977.11,3742.83
2019-03-26,277.6,2818.46,21428.39,3700.44
2019-03-27,277.28,2805.37,21378.73,3743.39
2019-03-28,275.08,2815.44,21033.76,3728.4
2019-03-29,276.48,2834.4,21205.81,3872.34
2019-03-31,276.48,2834.4,21205.81,3872.34
2019-04-01,280.32,2867.19,21509.03,3973.93
2019-04-02,281.72,2867.24,21505.31,3971.29
2019-04-03,285.65,2873.4,21713.21,4022.16
2019-04-04,286.15,2879.39,21724.95,4062.23
2019-04-05,286.68,2892.74,21807.5,4062.23
2019-04-08,286.38,2895.77,21761.65,4057.23
2019-04-09,286.71,2878.2,21802.59,4075.43
2019-04-10,287.92,2888.21,21687.57,4085.85
2019-04-11,287.42,2888.32,21711.38,3997.58
2019-04-12,288.37,2907.41,21870.56,3988.62
2019-04-15,289.38,2905.58,22169.11,3975.52
2019-04-16,290.62,2907.06,22221.66,4085.79
2019-04-17,290.33,2900.45,22277.97,4087.24
2019-04-18,285.82,2905.03,22090.12,4072.08
2019-04-19,285.89,2905.03,22200.56,4120.61
2019-04-22,285.87,2907.97,22217.9,4025.61
2019-04-23,286.47,2933.68,22259.74,4019.01
2019-04-24,283.7,2927.25,22200.0,4030.09
2019-04-25,282.83,2926.17,22307.58,3941.82
2019-04-26,281.34,2939.88,22258.73,3889.27
2019-04-29,286.79,2943.03,22258.73,3900.33
2019-04-30,284.92,2945.83,22258.73,3913.21
2019-05-01,284.92,2923.73,22258.73,3913.21
2019-05-02,286.12,2917.52,22258.73,3913.21
2019-05-03,283.67,2945.64,22258.73,3913.21
2019-05-06,283.67,2932.47,22258.73,3684.62
2019-05-07,281.31,2884.05,21923.72,3720.67
2019-05-08,280.15,2879.42,21602.59,3667.46
2019-05-09,271.0,2870.72,21402.13,3599.7
2019-05-10,272.06,2881.4,21344.92,3730.45
2019-05-13,268.72,2811.87,21191.28,3668.73
2019-05-14,268.57,2834.41,21067.23,3645.15
2019-05-15,269.64,2850.96,21188.56,3727.09
2019-05-16,265.99,2876.32,21062.98,3743.96
2019-05-17,264.35,2859.53,21250.09,3648.76
2019-05-20,264.96,2840.23,21301.73,3617.79
2019-05-21,266.12,2864.36,21272.45,3666.78
2019-05-22,266.65,2856.27,21283.37,3649.38
2019-05-23,266.38,2822.24,21151.14,3583.96
2019-05-24,264.42,2826.06,21117.22,3593.91
2019-05-27,264.4,2826.06,21182.58,3637.2
2019-05-28,264.7,2802.39,21260.14,3672.26
2019-05-29,261.37,2783.02,21003.37,3663.91
2019-05-30,263.93,2788.86,20942.53,3641.18
2019-05-31,263.89,2752.06,20601.19,3629.79
2019-06-03,268.16,2744.45,20410.88,3632.01
2019-06-04,267.66,2803.27,20408.54,3598.47
2019-06-05,267.99,2826.15,20776.1,3597.11
2019-06-06,267.99,2843.49,20774.04,3564.68
2019-06-07,268.27,2873.34,20884.71,3564.68
